Name;Number of Days;Price;Currency
AIME LA PLAGNE;6;369;€
AIME LA PLAGNE;4;269;€
AIME LA PLAGNE;3;205;€
ALPE D'HUEZ;6;310;€
ALPE D'HUEZ;4;224;€
ALPE D'HUEZ;3;175;€
ARGENTIERE;6;310;€
AURIS EN OISANS;6;292;€
AURIS EN OISANS;4;210;€
AURIS EN OISANS;3;164;€
AVORIAZ;6;310;€
AVORIAZ;4;217;€
AVORIAZ;3;169;€
BELLE  PLAGNE;6;369;€
BELLE  PLAGNE;4;269;€
BELLE  PLAGNE;3;205;€
BRIDES LES BAINS;6;375;€
BRIDES LES BAINS;4;300;€
BRIDES LES BAINS;3;225;€
CHAMONIX;6;310;€
CHAMPAGNY EN VANOISE;6;369;€
CHAMPAGNY EN VANOISE;4;269;€
CHAMPAGNY EN VANOISE;3;205;€
CHATEL;6;310;€
CHATEL;4;217;€
CHATEL;3;169;€
COURCHEVEL;6;375;€
COURCHEVEL;4;300;€
COURCHEVEL;3;225;€
COURCHEVEL 1650;6;375;€
COURCHEVEL 1650;4;300;€
COURCHEVEL 1650;3;225;€
COURCHEVEL 1850;6;375;€
COURCHEVEL 1850;4;300;€
COURCHEVEL 1850;3;225;€
COURCHEVEL LE PRAZ;6;375;€
COURCHEVEL LE PRAZ;4;300;€
COURCHEVEL LE PRAZ;3;225;€
COURCHEVEL VILLAGE;6;375;€
COURCHEVEL VILLAGE;4;300;€
COURCHEVEL VILLAGE;3;225;€
FLAINE;6;321;€
FLAINE;4;214;€
FLAINE;3;160;€
ISOLA 2000;6;185;€
ISOLA 2000;4;135;€
ISOLA 2000;3;108;€
LA CLUSAZ;6;235;€
LA CLUSAZ;4;164;€
LA CLUSAZ;3;126;€
LA PLAGNE;6;369;€
LA PLAGNE;4;269;€
LA PLAGNE;3;205;€
LA PLAGNE 1800;6;369;€
LA PLAGNE 1800;4;269;€
LA PLAGNE 1800;3;205;€
LA ROSIERE;6;339;€
LA ROSIERE;4;242;€
LA ROSIERE;3;184;€
LA TANIA;6;375;€
LA TANIA;4;300;€
LA TANIA;3;225;€
LA TOUSSUIRE;6;252;€
LA TOUSSUIRE;4;195;€
LA TOUSSUIRE;3;145;€
LE CORBIER;6;252;€
LE CORBIER;4;195;€
LE CORBIER;3;145;€
LES ARC PEISEY VALLANDRY;6;369;€
LES ARC PEISEY VALLANDRY;4;269;€
LES ARC PEISEY VALLANDRY;3;205;€
LES ARCS;6;369;€
LES ARCS;4;269;€
LES ARCS;3;205;€
LES ARCS 1600;6;369;€
LES ARCS 1600;4;269;€
LES ARCS 1600;3;205;€
LES ARCS 1800;6;369;€
LES ARCS 1800;4;269;€
LES ARCS 1800;3;205;€
LES ARCS 1950;6;369;€
LES ARCS 1950;4;269;€
LES ARCS 1950;3;205;€
LES ARCS 2000;6;369;€
LES ARCS 2000;4;269;€
LES ARCS 2000;3;205;€
LES CARROZ D'ARRACHES;6;321;€
LES CARROZ D'ARRACHES;4;214;€
LES CARROZ D'ARRACHES;3;160;€
LES COCHES;6;369;€
LES COCHES;4;269;€
LES COCHES;3;205;€
LES DEUX ALPES;6;279;€
LES DEUX ALPES;4;224;€
LES DEUX ALPES;3;168;€
LES GETS;6;310;€
LES GETS;4;217;€
LES GETS;3;169;€
LES HOUCHES;6;310;€
LES MENUIRES;6;375;€
LES MENUIRES;4;300;€
LES MENUIRES;3;225;€
LES PRAZ DE CHAMONIX;6;310;€
LES PRODAINS;6;310;€
LES PRODAINS;4;217;€
LES PRODAINS;3;169;€
MEGEVE;6;277;€
MEGEVE;4;195;€
MEGEVE;3;154;€
MERIBEL;6;375;€
MERIBEL;4;300;€
MERIBEL;3;225;€
MERIBEL;6;375;€
MERIBEL;4;300;€
MERIBEL;3;225;€
MERIBEL VILLAGE;6;375;€
MERIBEL VILLAGE;4;300;€
MERIBEL VILLAGE;3;225;€
MERIBEL-MOTTARET;6;375;€
MERIBEL-MOTTARET;4;300;€
MERIBEL-MOTTARET;3;225;€
MONTCHAVIN;6;369;€
MONTCHAVIN;4;269;€
MONTCHAVIN;3;205;€
MONTGENEVRE;6;223;€
MONTGENEVRE;4;159;€
MONTGENEVRE;3;124;€
MORILLON;6;321;€
MORILLON;4;214;€
MORILLON;3;160;€
MORZINE;6;310;€
MORZINE;4;217;€
MORZINE;3;169;€
ORELLE;6;330;
ORELLE;4;260;
ORELLE;3;195;.
OZ EN OISANS;6;310;€
OZ EN OISANS;4;224;€
OZ EN OISANS;3;175;€
PLAGNE BELLECOTE;6;369;€
PLAGNE BELLECOTE;4;269;€
PLAGNE BELLECOTE;3;205;€
PLAGNE CENTRE;6;369;€
PLAGNE CENTRE;4;269;€
PLAGNE CENTRE;3;205;€
PLAGNE MONTALBERT;6;369;€
PLAGNE MONTALBERT;4;269;€
PLAGNE MONTALBERT;3;205;€
PLAGNE SOLEIL;6;369;€
PLAGNE SOLEIL;4;269;€
PLAGNE SOLEIL;3;205;€
PLAGNE VILLAGE;6;369;€
PLAGNE VILLAGE;4;269;€
PLAGNE VILLAGE;3;205;€
PRA LOUP;6;227;€
PRA LOUP;4;161;€
PRA LOUP;3;125;€
RISOUL;6;210;€
SAINTE FOY;6;193;€
SAINTE FOY;4;129;€
SAINTE FOY;3;100;€
SAMOENS;6;321;€
SAMOENS;4;214;€
SAMOENS;3;160;€
SERRE CHEVALIER;6;315;€
SERRE CHEVALIER;4;230;€
SERRE CHEVALIER;3;173;€
ST GERVAIS;6;277;€
ST GERVAIS;4;195;€
ST GERVAIS;3;154;€
ST JEAN D'ARVES;6;252;€
ST JEAN D'ARVES;4;195;€
ST JEAN D'ARVES;3;145;€
ST LARY SOULAN;6;245;€
ST LARY SOULAN;4;182;€
ST LARY SOULAN;3;138;€
ST MARTIN DE BELLEVILLE;6;375;€
ST MARTIN DE BELLEVILLE;4;300;€
ST MARTIN DE BELLEVILLE;3;225;€
ST SORLIN D'ARVES;6;252;€
ST SORLIN D'ARVES;4;195;€
ST SORLIN D'ARVES;3;145;€
TIGNES;6;396;€
TIGNES;4;264;€
TIGNES;3;198;€
TIGNES LE LAC;6;396;€
TIGNES LE LAC;4;264;€
TIGNES LE LAC;3;198;€
TIGNES LE LAVACHET;6;396;€
TIGNES LE LAVACHET;4;264;€
TIGNES LE LAVACHET;3;198;€
TIGNES LES BOISSES;6;396;€
TIGNES LES BOISSES;4;264;€
TIGNES LES BOISSES;3;198;€
TIGNES LES BREVIERES;6;396;€
TIGNES LES BREVIERES;4;264;€
TIGNES LES BREVIERES;3;198;€
TIGNES VAL CLARET;6;396;€
TIGNES VAL CLARET;4;264;€
TIGNES VAL CLARET;3;198;€
VAL D'ISERE;6;396;€
VAL D'ISERE;4;264;€
VAL D'ISERE;3;198;€
VAL THORENS;6;375;€
VAL THORENS;4;300;€
VAL THORENS;3;225;€
VALFREJUS;6;203;€
VALMOREL;6;266;€
VALMOREL;4;191;€
VALMOREL;3;146;€
VAUJANY;6;292;€
VAUJANY;4;210;€
VAUJANY;3;164;€
ALPBACH;6;284;€
ALPBACH;4;207;€
ALPBACH;3;161;€
ALTENMARKT;6;334;€
ALTENMARKT;4;264;€
ALTENMARKT;3;202;€
AXAMER LIZUM;6;253;€
AXAMER LIZUM;4;183;€
AXAMER LIZUM;3;144;€
BAD GASTEIN;6;334;€
BAD GASTEIN;4;264;€
BAD GASTEIN;3;202;€
BAD HOFGASTEIN;6;334;€
BAD HOFGASTEIN;4;264;€
BAD HOFGASTEIN;3;202;€
BRIXEN IM THALE;6;312;€
BRIXEN IM THALE;4;226;€
BRIXEN IM THALE;3;178;€
DORFGASTEIN;6;334;€
DORFGASTEIN;4;264;€
DORFGASTEIN;3;202;€
ELLMAU;6;312;€
ELLMAU;4;226;€
ELLMAU;3;178;€
FIEBERBRUNN;6;338;€
FIEBERBRUNN;4;249;€
FIEBERBRUNN;3;195;€
FILZMOOS;6;334;€
FILZMOOS;4;264;€
FILZMOOS;3;202;€
FISS;6;326;€
FISS;4;235;€
FISS;3;179;€
FLACHAU;6;334;€
FLACHAU;4;264;€
FLACHAU;3;202;€
FUGEN;6;315;€
FUGEN;4;235;€
FUGEN;3;187;€
GALTUR;6;228;€
GALTUR;4;161;€
GALTUR;3;129;€
GERLOS;6;315;€
GERLOS;4;235;€
GERLOS;3;187;€
GOING;6;312;€
GOING;4;226;€
GOING;3;178;€
GOLLING;6;334;€
GOLLING;4;264;€
GOLLING;3;202;€
GROSSARLTAL;6;334;€
GROSSARLTAL;4;264;€
GROSSARLTAL;3;202;€
HEILIGENBLUT;6;267;€
HEILIGENBLUT;4;199;€
HEILIGENBLUT;3;157;€
HINTERGLEMM;6;338;€
HINTERGLEMM;4;249;€
HINTERGLEMM;3;195;€
HIPPACH;6;315;€
HIPPACH;4;235;€
HIPPACH;3;187;€
HOCHGURGL;6;390;€
HOCHGURGL;4;268;€
HOCHGURGL;3;205;€
HOCHRINDL;6;205;€
HOCHRINDL;4;155;€
HOCHRINDL;3;118;€
HOCHSÖLDEN;6;390;€
HOCHSÖLDEN;4;268;€
HOCHSÖLDEN;3;205;€
ISCHGL;6;228;€
ISCHGL;4;161;€
ISCHGL;3;129;€
KAPPL;6;323;.
KAPPL;4;231;.
KAPPL;3;175;
KAPRUN;6;338;€
KAPRUN;4;249;€
KAPRUN;3;195;€
KIRCHBERG;6;332;€
KIRCHBERG;4;240;€
KIRCHBERG;3;190;€
KITZBUHEL;6;332;€
KITZBUHEL;4;240;€
KITZBUHEL;3;190;€
KUHTAI;6;254;€
KUHTAI;4;181;€
KUHTAI;3;140;€
LECH;6;358;€
LECH;4;254;€
LECH;3;194;€
LEOGANG;6;338;€
LEOGANG;4;249;€
LEOGANG;3;195;€
MARIA ALM;6;334;€
MARIA ALM;4;264;€
MARIA ALM;3;202;€
MAYRHOFEN;6;315;€
MAYRHOFEN;4;235;€
MAYRHOFEN;3;187;€
MITTERSILL - KITZBUHEL;6;332;€
MITTERSILL - KITZBUHEL;4;240;€
MITTERSILL - KITZBUHEL;3;190;€
NASSFELD;6;292;€
NASSFELD;4;126;€
NASSFELD;3;165;€
OBERGURGL;6;390;€
OBERGURGL;4;268;€
OBERGURGL;3;205;€
OBERLECH;6;358;€
OBERLECH;4;254;€
OBERLECH;3;194;€
OBERTAUERN;6;289;€
OBERTAUERN;4;210;€
OBERTAUERN;3;158;€
OETZ/OETZTAL;6;254;€
OETZ/OETZTAL;4;181;€
OETZ/OETZTAL;3;140;€
RAURIS;6;288;€
RAURIS;4;194;€
RAURIS;3;147;€
SAALBACH;6;338;€
SAALBACH;4;249;€
SAALBACH;3;195;€
SCHEFFAU;6;312;€
SCHEFFAU;4;226;€
SCHEFFAU;3;178;€
SCHLADMING;6;334;€
SCHLADMING;4;264;€
SCHLADMING;3;202;€
SEE;6;228;€
SEE;4;161;€
SEE;3;129;€
SEEFELD;6;283;€
SEEFELD;4;201;€
SEEFELD;3;152;€
SERFAUS;6;326;€
SERFAUS;4;235;€
SERFAUS;3;179;€
SOLDEN;6;390;€
SOLDEN;4;268;€
SOLDEN;3;205;€
SOLL;6;312;€
SOLL;4;226;€
SOLL;3;178;€
ST ANTON;6;358;€
ST ANTON;4;254;€
ST ANTON;3;194;€
ST CHRISTOPH;6;358;€
ST CHRISTOPH;4;254;€
ST CHRISTOPH;3;194;€
WAGRAIN;6;334;€
WAGRAIN;4;264;€
WAGRAIN;3;202;€
WESTENDORF;6;312;€
WESTENDORF;4;226;€
WESTENDORF;3;178;€
ZELL AM SEE;6;338;€
ZELL AM SEE;4;249;€
ZELL AM SEE;3;195;€
ZELL AM ZILLER;6;315;€
ZELL AM ZILLER;4;235;€
ZELL AM ZILLER;3;187;€
ZURS AM ARLBERG;6;358;€
ZURS AM ARLBERG;4;254;€
ZURS AM ARLBERG;3;194;€
ARABBA;6;373;€
ARABBA;4;272;€
ARABBA;3;212;€
BORMIO;6;265;€
BORMIO;4;191;€
BORMIO;3;149;€
CANAZEI;6;373;€
CANAZEI;4;272;€
CANAZEI;3;212;€
CERVINIA;6;302;€
CERVINIA;4;210;€
CERVINIA;3;161;€
CHAMPOLUC;6;339;€
CHAMPOLUC;4;242;€
CHAMPOLUC;3;184;€
CLAVIERE;6;223;€
CLAVIERE;4;159;€
CLAVIERE;3;124;€
CORTINA;6;373;€
CORTINA;4;272;€
CORTINA;3;212;€
CORVARA/COLFOSCO;6;373;€
CORVARA/COLFOSCO;4;272;€
CORVARA/COLFOSCO;3;212;€
COURMAYEUR;6;339;€
COURMAYEUR;4;242;€
COURMAYEUR;3;184;€
GRESSONEY;6;339;€
GRESSONEY;4;242;€
GRESSONEY;3;184;€
KRONPLATZ;6;373;€
KRONPLATZ;4;272;€
KRONPLATZ;3;212;€
LA THUILE;6;339;€
LA THUILE;4;242;€
LA THUILE;3;184;€
LA VILLA;6;373;€
LA VILLA;4;272;€
LA VILLA;3;212;€
PILA;6;339;€
PILA;4;242;€
PILA;3;184;€
PRAGELATO;6;223;€
PRAGELATO;4;159;€
PRAGELATO;3;124;€
SAN CASSIANO;6;373;€
SAN CASSIANO;4;272;€
SAN CASSIANO;3;212;€
SANSICARIO;6;223;€
SANSICARIO;4;159;€
SANSICARIO;3;124;€
SANTA CATERINA;6;265;€
SANTA CATERINA;4;191;€
SANTA CATERINA;3;149;€
SAUZE D'OULX;6;223;€
SAUZE D'OULX;4;159;€
SAUZE D'OULX;3;124;€
SESTRIERE;6;223;€
SESTRIERE;4;159;€
SESTRIERE;3;124;€
VAL DI FASSA;6;373;€
VAL DI FASSA;4;272;€
VAL DI FASSA;3;212;€
ANDERMATT;6;328;CHF
ANDERMATT;4;252;CHF
ANDERMATT;3;203;CHF
ANZERE;6;299;CHF
ANZERE;4;209;CHF
ANZERE;3;159;CHF
AROSA;6;378;CHF
AROSA;4;272;CHF
AROSA;3;219;CHF
CHAMPEX;4;168;CHF
CHAMPEX;3;126;CHF
DAVOS;6;369;CHF
DAVOS;4;271;CHF
DAVOS;3;218;CHF
GRINDELWALD;6;385;CHF
GRINDELWALD;4;284;CHF
GRINDELWALD;3;221;CHF
KLOSTERS;6;369;CHF
KLOSTERS;4;271;CHF
KLOSTERS;3;218;CHF
LENZERHEIDE;6;378;CHF
LENZERHEIDE;4;272;CHF
LENZERHEIDE;3;219;CHF
LEUKERBAD;6;311;CHF
LEUKERBAD;4;221;CHF
LEUKERBAD;3;171;CHF
MÜRREN;6;385;CHF
MÜRREN;4;284;CHF
MÜRREN;3;221;CHF
NENDAZ;6;329;CHF
NENDAZ;4;250;CHF
NENDAZ;3;194;CHF
SAAS FEE;6;389;CHF
SAAS FEE;4;275;CHF
SAAS FEE;3;215;CHF
SAVOGNIN;6;332;CHF
SAVOGNIN;4;247;CHF
SAVOGNIN;3;187;CHF
SCUOL;6;368;CHF
SCUOL;4;273;CHF
SCUOL;3;214;CHF
SIVIEZ;6;329;CHF
SIVIEZ;4;250;CHF
SIVIEZ;3;194;CHF
ST MORITZ;6;368;CHF
ST MORITZ;4;273;CHF
ST MORITZ;3;214;CHF
TAESCH;6;355;CHF
TAESCH;4;248;CHF
TAESCH;3;193;CHF
VAL MUSTAIR;6;368;CHF
VAL MUSTAIR;4;273;CHF
VAL MUSTAIR;3;214;CHF
VEYSONNAZ;6;329;CHF
VEYSONNAZ;4;250;CHF
VEYSONNAZ;3;194;CHF
VILLARS;6;340;CHF
VILLARS;4;247;CHF
VILLARS;3;193;CHF
WENGEN;6;385;CHF
WENGEN;4;284;CHF
WENGEN;3;221;CHF
ZERMATT;6;355;CHF
ZERMATT;4;248;CHF
ZERMATT;3;193;CHF
ZINAL;6;312;CHF
ANDORRA LA VELLA;6;336;€
ANDORRA LA VELLA;4;231;€
ANDORRA LA VELLA;3;173;€
ARINSAL;6;270;€
ARINSAL;4;180;€
ARINSAL;3;127;€
EL TARTER;6;336;€
EL TARTER;4;231;€
EL TARTER;3;173;€
ENCAMP;6;270;€
ENCAMP;4;180;€
ENCAMP;3;127;€
LA MASSANA;6;270;€
LA MASSANA;4;180;€
LA MASSANA;3;127;€
PAS DE LA CASA;6;336;€
PAS DE LA CASA;4;231;€
PAS DE LA CASA;3;173;€
SOLDEU;6;336;€
SOLDEU;4;231;€
SOLDEU;3;173;€
JASPER;4;465;$
JASPER;3;356;$
PANORAMA;6;840;$
PANORAMA;4;572;$
PANORAMA;3;429;$
REVELSTOKE;4;539;$
REVELSTOKE;3;419;$
WHISTLER;6;565;$
WHISTLER;4;399;$
WHISTLER;3;308;$
BANSKO;6;515;lev
BANSKO;4;345;lev
BANSKO;3;260;lev
BOROVETS;6;427;lev
BOROVETS;4;294;lev
BOROVETS;3;223;lev
BEITOSTOLEN;6;2;"
BEITOSTOLEN;4;479;.
BEITOSTOLEN;3;1;"
GEILO;6;2;"
GEILO;4;395;.
GEILO;3;2;"
LEVI;6;217;€
LEVI;4;163;€
LEVI;3;130;€
LUOSTO;6;152;€
LUOSTO;4;123;€
LUOSTO;3;109;€
PYHA;6;216;€
PYHA;4;164;€
PYHA;3;130;€
RUKA;6;216;€
RUKA;4;164;€
RUKA;3;130;€
SAARISELKA;4;167;€
SAARISELKA;3;127;€
SALLA;6;215;€
SALLA;4;163;€
SALLA;3;127;€
YLLAS;6;219;€
YLLAS;4;165;€
YLLAS;3;131;€
FURANO;6;39;"¥
FURANO;4;35;"¥
FURANO;3;0;"
HAKUBA;6;42;"¥
HAKUBA;4;0;"
HAKUBA;3;700;"
KIRORO;6;39;"¥
KIRORO;4;400;"
KIRORO;3;26;"¥
NISEKO;6;44;"¥
NISEKO;4;400;"
NISEKO;3;29;"¥
RUSUTSU;4;33;"¥
RUSUTSU;3;600;"
SAHORO;6;39;"¥
SAHORO;4;680;"
SAHORO;3;26;"¥